<?xml version="1.0" encoding="UTF-8"?>
<project-private xmlns="http://www.netbeans.org/ns/project-private/1">
    <editor-bookmarks xmlns="http://www.netbeans.org/ns/editor-bookmarks/2" lastBookmarkId="0"/>
    <open-files xmlns="http://www.netbeans.org/ns/projectui-open-files/2">
        <group>
            <file>file:/Users/owner/Downloads/coe528/project/BankAccounts/src/coe528/project/Account.java</file>
            <file>file:/Users/owner/Downloads/coe528/project/BankAccounts/src/coe528/project/Level.java</file>
            <file>file:/Users/owner/Downloads/coe528/project/BankAccounts/src/coe528/project/Manager.java</file>
            <file>file:/Users/owner/Downloads/coe528/project/BankAccounts/src/coe528/project/Customer.java</file>
            <file>file:/Users/owner/Downloads/coe528/project/BankAccounts/src/coe528/project/User.java</file>
            <file>file:/Users/owner/Downloads/coe528/project/BankAccounts/src/coe528/project/Silver.java</file>
            <file>file:/Users/owner/Downloads/coe528/project/BankAccounts/src/coe528/project/BankAccounts.java</file>
            <file>file:/Users/owner/Downloads/coe528/project/BankAccounts/src/coe528/project/ManagerGUI.java</file>
            <file>file:/Users/owner/Downloads/coe528/project/BankAccounts/src/coe528/project/Gold.java</file>
            <file>file:/Users/owner/Downloads/coe528/project/BankAccounts/src/coe528/project/Platinum.java</file>
        </group>
    </open-files>
</project-private>
